longitude,latitude,type,name,abbrev,location,gps_code
75.9570722403652,30.8503598561702,small,Sahnewal,LUH,terminal,VILD
75.9330597710755,17.625415183635,mid,Solapur,SSE,terminal,VASL
85.3235970368767,23.3177245989962,mid,Birsa Munda,IXR,terminal,VERC
48.7471065435931,31.3431585560757,mid,Ahwaz,AWZ,terminal,OIAW
78.2172186546348,26.285487697937,mid and military,Gwalior,GWL,terminal,VIGR
42.97109630194,14.7552534413725,mid,Hodeidah Int'l,HOD,terminal,OYHD
75.8092915005895,22.727749187571,mid,Devi Ahilyabai Holkar Int'l,IDR,terminal,VAID
73.8105674924689,19.9660205672806,mid,Gandhinagar,ISK,ramp,VANR
76.8017261105242,30.6707248949667,major and military,Chandigarh Int'l,IXC,terminal,VICG
75.3958432922005,19.8672969621082,mid,Aurangabad,IXU,terminal,VAAU
72.9878190922305,31.3627435480862,mid and military,Faisalabad Int'l,LYP,terminal,OPFA
73.3163595376585,54.9576482934059,mid,Omsk Tsentralny,OMS,terminal,UNOO
82.6671524525865,55.0095847136264,mid,Novosibirsk Tolmachev,OVB,terminal,UNNT
35.3018728575279,47.8732635579023,mid and military,Zaporozhye Int'l,OZH,runway,UKDE
101.446569298441,0.464600872998505,mid,Simpang Tiga,PKU,terminal,WIBB
145.243980298582,14.1717712971216,mid,Rota Int'l,ROP,terminal,PGRO
73.4084964764375,61.3401672194481,mid,Surgut,SGC,terminal,USRR
78.7089578747476,10.7603571306554,mid,Tiruchirappalli,TRZ,terminal,VOTR
63.0279333519181,25.988794590011,mid,Turbat Int'l,TUK,terminal,OPTU
66.9487311480949,30.249043186181,mid,Quetta Int'l,UET,terminal,OPQT
60.900708564915,29.4752941956573,mid,Zahedan Int'l,ZAH,terminal,OIZH
112.711418617258,-7.92998002840567,mid and military,Abdul Rachman Saleh,MLG,ramp,WARA
83.5504532124038,53.3633850813046,mid,Barnaul,BAX,ramp,UNBB
75.7584828456005,31.4329422397715,military mid,Adampur,VIAX,runway,VIAX
79.452002687657,28.4218087161144,military,Bareilly,VIBY,runway,VIBY
73.0320498392002,33.5614146278861,small,Dhamial,OPQS,runway,OPQS
127.495916124681,36.7220227766673,major,Cheongju Int'l,CJJ,terminal,RKTU
126.810839481226,35.1400051390198,mid and military,Gwangju,KWJ,terminal,RKJJ
128.637537699933,35.8999277969087,mid,Daegu Int'l,TAE,terminal,RKTN
129.355731047528,35.5928957527107,mid,Ulsan,USN,terminal,RKPU
105.176060419161,-5.242566777132,mid,Radin Inten II,WIIT,terminal,WIAT
81.7317271462187,25.443522027821,military,Allahabad,IXD,ramp,VIAL
61.5122589740201,55.2977919496055,mid,Chelyabinsk,CEK,terminal,USCC
120.209733318093,22.950667918347,military mid,Tainan,TNN,ramp,RCNN
120.630703547584,24.2666555567115,military mid,Taichung,RMQ,ramp,RCMQ
4.43384434962876,51.9491301899382,mid,Rotterdam The Hague,RTM,terminal,EHRD
39.2254496447973,51.8126171268344,mid,Voronezh-Chertovitskoye,VOZ,terminal,UUOO
-2.85862065784938,53.3363751054422,major,Liverpool John Lennon,LPL,ramp,EGGP
83.2235216387465,17.7279577384364,mid,Vishakapatnam,VTZ,terminal,VEVZ
119.545691342151,-5.05893689455779,major,Sultan Hasanuddin Int'l,UPG,terminal,WAAA
-173.968093944159,-18.5860058550654,mid,Vava'u Int'l,VAV,terminal,NFTV
-1.71034578407216,55.037084860802,major,Newcastle Int'l,NCL,terminal,EGNT
-86.8514685020011,15.7451596659126,mid,Goloson Int'l,LCE,terminal,MHLC
39.6991359560417,24.5442339605661,major,Madinah Int'l,MED,terminal,OEMA
-74.0287382984814,45.6832250979267,mid,Mirabel Int'l,YMX,terminal,CYMX
21.0974463986251,55.9713426235358,mid,Palanga Int'l,PLQ,terminal,EYPA
75.8010104192668,26.8211798100605,mid,Jaipur Int'l,JAI,terminal,VIJP
86.1724662363776,22.8154145110242,mid,Sonari,IXW,terminal,VEJS
29.54492,40.2555395007473,mid,Yenisehir,YEI,ramp,LTBR
35.2969614268338,36.9852090641795,major,Şakirpaşa,ADA,terminal,LTAF
-152.485638515235,57.7485921070483,mid,Kodiak,ADQ,ramp,PADQ
-101.705352772697,35.2184031919398,major,Amarillo Int'l,AMA,terminal,KAMA
133.902918,-23.801968,mid,Alice Springs,ASP,terminal,YBAS
74.8071559719824,31.7068220258888,mid and military,Raja Sansi Int'l,ATQ,terminal,VIAR
85.8168899544429,20.2526659754734,mid,Biju Patnaik,BBI,terminal,VEBS
-161.83898695944,60.7787379834088,mid,Bethel,BET,runway,PABE
-73.1809207725361,7.12770915402685,mid,Palonegro,BGA,terminal,SKBG
-86.7523773615462,33.5618672828058,major,Birmingham Int'l,BHM,terminal,KBHM
141.470407303097,-31.998996737463,mid,Broken Hill,BHQ,terminal,YBHI
-108.536929388125,45.8036855715278,major,Logan Int'l,BIL,terminal,KBIL
-100.757471303717,46.7751066661614,mid,Bismarck Muni.,BIS,terminal,KBIS
-101.478753382467,20.9858871211938,mid,Del Bajio Int'l,BJX,terminal,MMLO
5.603682560067,6.31716689207818,mid,Benin,BNI,terminal,DNBE
27.5164093662953,42.5670835487702,major,Bourgas,BOJ,ramp,LBBG
8.7858617703132,53.052287104156,major,Bremen,BRE,terminal,EDDW
-69.356102,10.0453,mid,Jacinto Lara Int'l,BRM,terminal,SVBM
-97.431765340232,25.9062743545347,mid,Brownsville-South Padre Island Int'l,BRO,terminal,KBRO
-2.71086469134308,51.3862934189148,major,Bristol Int'l,BRS,terminal,EGGD
-91.1567544048105,30.5326138040586,major,Baton Rouge Metro,BTR,terminal,KBTR
17.1999850022208,48.1698379062535,major,Bratislava-M.R. Štefánik,BTS,terminal,LZIB
-73.1550787790668,44.4692066040732,mid,Burlington Int'l,BTV,terminal,KBTV
-81.1093352429377,33.9342054584275,major,Columbia Metro,CAE,terminal,KCAE
75.950993063051,11.1395520526064,major,Calicut Int'l,CCJ,terminal,VOCL
96.8287472144207,-12.1851585953293,mid,Cocos (Keeling) Islands,CCK,terminal,YPCC
19.9147561641662,39.6067554505259,mid,Corfu Int'l (Ioannis Kapodistrias),CFU,terminal,LGKR
125.690456812998,43.993011479577,major,Changchun Longjia Int'l,CGQ,terminal,ZYCC
-80.0369337438262,32.8845301562965,major and military,Charleston Int'l,CHS,terminal,KCHS
77.038893772262,11.0301415125983,mid,Coimbatore,CJB,terminal,VOCB
23.6869812680486,46.7826626340243,mid,Someseni,CLJ,ramp,LRCL
-77.8451039935167,21.4247037281961,mid,Ignacio Agramonte,CMW,terminal,MUCM
-106.464444809692,42.8971900483006,major,Casper/Natrona County Int'l,CPR,terminal,KCPR
120.550770223914,15.1876422423888,major,Clark Int'l,CRK,ramp,RPLC
-81.5964164667526,38.3705914372865,major and military,Yeager,CRW,terminal,KCRW
15.0674605007053,37.470072800341,major,Catania Fontanarossa,CTA,terminal,LICC
-88.3242600415365,18.506434233376,mid,Chetumal Int'l,CTM,terminal,MMCM
-3.33956876429118,51.3986220911017,major,Cardiff,CWL,terminal,EGFF
-79.879461638003,19.6898653962844,mid,Gerrard Smith,CYB,terminal,MWCB
-86.9304064070436,20.5115543771647,mid,Cozumel Int'l,CZM,terminal,MMCZ
-84.2204594238102,39.8990402865362,major,James M. Cox Dayton Int'l,DAY,terminal,KDAY
148.569717,-32.218681,mid,Dubbo,DBO,approximate,YSDU
-77.0433373925631,38.8537162012123,major,Washington Nat'l,DCA,terminal,KDCA
-104.533846024964,24.1261948326182,mid,Durango Int'l,DGO,terminal,MMDO
35.0939060224975,48.3675718021117,mid,Voloskoye,DNK,terminal,UKDD
37.7448085572103,48.0691671285582,major,Donetsk,DOK,terminal,UKCC
-56.4992636213744,-33.3591084475501,mid,Santa Bernardina Int'l,DZO,runway,SUDU
-3.36428468513555,55.9485540113639,major,Edinburgh Int'l,EDI,terminal,EGPH
-64.5371514365794,18.4443618557983,mid,Terrance B. Lettsome Int'l,EIS,terminal,TUPJ
-115.786479232249,40.8276058815225,mid,Elko Reg.,EKO,terminal,KEKO
-116.595724400418,31.7977139760569,mid,Ensenada,ESE,ramp,MMES
-7.2708,62.0625,mid,Vágar,FAE,approximate,EKVG
-96.8254561269675,46.9198178811323,mid and military,Hector Int'l,FAR,terminal,KFAR
-119.720001323576,36.7698128373959,mid,Fresno Yosemite Int'l,FAT,terminal,KFAT
-111.674656171675,35.1389116757976,mid,Flagstaff Pulliam,FLG,terminal,KFLG
-89.8778404226508,16.9149741642226,mid,Mundo Maya Int'l,FRS,terminal,MGTK
-96.7313831017541,43.5801934972763,mid,Sioux Falls Reg.,FSD,terminal,KFSD
-117.536836628585,47.6254781278368,major,Spokane Int'l,GEG,terminal,KGEG
-75.872613085304,23.5638829069259,mid,Exuma Int'l,GGT,terminal,MYEF
-5.34677180033388,36.1512747504173,mid,Gibraltar,GIB,runway,LXGB
-85.529573207274,42.8847776020908,mid,Gerald R. Ford Int'l,GRR,terminal,KGRR
-79.9364867577484,36.1053781998932,major,Triad Int'l,GSO,terminal,KGSO
-111.35668472784,47.482270729263,mid,Great Falls Int'l,GTF,terminal,KGTF
37.47380325219,36.9453633446875,major,Gaziantep Oğuzeli Int'l,GZT,terminal,LTAJ
75.0863155680281,15.3591833386229,mid,Hubli,HBX,terminal,VAHB
100.393751274671,6.93634231940664,mid,Hat Yai Int'l,HDY,terminal,VTSS
117.304197015888,31.7798576795778,mid,Hefei-Luogang,HFE,ramp,ZSOF
33.8071606414118,27.1804260918186,major,Hurghada Int'l,HRG,terminal,HEGN
36.2822010773503,49.9215360631551,major,Kharkov Int'l,HRK,ramp,UKHH
-86.7749430563373,34.6483344609319,major,Huntsville Int'l,HSV,terminal,KHSV
3.9738133433229,7.36034397269393,mid,Ibadan,IBA,ramp,DNIB
-97.4287387683976,37.6529279603903,major,Kansas City Int'l,ICT,terminal,KICT
-77.9103756560469,34.2667840671996,mid,Wilmington Int'l,ILM,terminal,KILM
4.49484038819934,8.43537651935241,mid,Ilorin Int'l,ILR,terminal,DNIL
-93.3980027552794,48.5659930848414,mid,Falls Int'l,INL,terminal,KINL
-4.06359175587141,57.5395002923424,mid,Inverness,INV,terminal,EGPE
-115.57199556658,32.8339586685524,mid,Imperial Cty.,IPL,terminal,KIPL
74.8423077638915,32.6810428886225,mid,Jammu,IXJ,terminal,VIJU
78.0911394937194,9.83718627877566,mid,Madurai,IXM,terminal,VOMD
73.0505491895671,26.2637623458351,major and military,Jodhpur,JDH,terminal,VIJO
80.0587438885277,23.1845328746465,mid,Jabalpur,JLR,terminal,VAJB
37.0651896067748,-3.42444495998178,mid,Kilimanjaro Int'l,JRO,terminal,HTKJ
7.32525347407434,10.6946192862391,mid,Kaduna,KAD,terminal,DNKA
22.4783332482689,-5.90016656227041,mid,Kananga,KGA,terminal,FZUA
-1.59257526582361,6.71460638750365,mid,Kumasi,KMS,terminal,DGSI
-71.4806025354969,-32.948391765136,mid,Viña del Mar,KNA,ramp,SCVM
80.4144703692462,26.4041682440251,mid,Kanpur,KNU,terminal,VIKA
-156.040889471058,19.7370991399442,mid,Kona Int'l at Keahole,KOA,terminal,PHKO
-2.90137849524508,58.9544288788303,mid,Kirkwall,KOI,ramp,EGPA
75.8504977944552,25.1634187166743,mid,Kota,KTU,terminal,VIKO
32.5756732669687,37.9839945531695,major and military,Konya,KYA,terminal,LTAN
-84.5982681918786,38.0374273181372,major,Blue Grass,LEX,terminal,KLEX
-159.349084290522,21.9781243162088,mid,Lihue,LIH,terminal,PHLI
-92.2205881319289,34.7284300415179,major,Clinton National,LIT,terminal,KLIT
-109.082694645261,25.688508826099,mid,Los Mochis,LMM,ramp,MMLM
-101.464960031751,26.9553927160699,mid,Venustiano Carranza Int'l,LOV,runway,MMMV
-99.4556603976513,27.5436657175825,mid,Laredo Int'l,LRD,terminal,KLRD
-1.28806068838754,59.8766899598999,mid,Sumburgh,LSI,runway,EGPB
35.9442407096663,35.4073114596744,major,Bassel Al-Assad Int'l,LTK,terminal,OSLK
-0.376227267397439,51.8802952570969,major,London Luton,LTN,terminal,EGGW
15.495229,78.246717,mid,Svalbard Longyear,LYR,terminal,ENSB
-77.9183907635752,18.5011549298249,mid,Sangster Int'l,MBJ,runway,MKJS
95.9706535950217,21.7055490680274,mid,Mandalay Int'l,MDL,terminal,VYMD
-87.7421266885612,41.7883492597409,major,Chicago Midway Int'l,MDW,terminal,KMDW
-80.6833845995774,-0.949557002112883,mid and military,Eloy Alfaro Int'l,MEC,runway,SEMT
-86.3903074602686,32.3045879909631,major,Montgomery Reg.,MGM,terminal,KMGM
-71.4375239091857,42.9279139945886,major,Manchester-Boston Reg.,MHT,terminal,KMHT
13.0851390162471,11.8534713188527,mid,Maiduguri Int'l,DNMA,terminal,DNMA
23.5721091989052,-6.12484541348811,mid,Mbuji Mayi,MJM,terminal,FZWA
-101.2913855313,48.2556049212839,mid,Minot Int'l,MOT,terminal,KMOT
-114.083694923651,46.9187604768831,mid,Missoula Int'l,MSO,terminal,KMSO
-115.247874047841,32.6285643324607,mid,Gen R.S. Taboada Int'l,MXL,terminal,MMML
8.71295953502437,45.6274405140381,major,Malpensa,MXP,terminal,LIMC
167.943394116205,-29.0351592555275,mid,Norfolk Island,NLK,terminal,YSNF
11.0774179739096,49.4945052170345,major,Nurnberg,NUE,terminal,EDDN
30.6768308310206,46.4406268759106,major,Odessa Int'l,ODS,terminal,UKOO
153.512876264303,-28.1665168540202,mid,Gold Coast,OOL,terminal,YBCG
-0.60679696443112,35.6202747312734,mid,Oran Es Senia,ORN,terminal,DAOO
85.0909021314663,25.5944434295605,mid,Lok Nayak Jaiprakash,PAT,terminal,VEPT
-58.0685346825257,-32.3614545292723,mid,Paysandu,PDU,terminal,SUPU
32.4832322064926,34.7134012817335,major,Paphos Int'l,PFO,ramp,LCPH
104.699128326762,-2.89999345005997,mid,Sultan Mahmud Badaruddin II,PLM,terminal,WIPP
29.4533403645644,-23.858986270166,mid,Polokwane Int'l,PTG,terminal,FAPP
-68.3632351074649,18.563039033987,mid,Punta Cana,PUJ,terminal,MDPC
-100.18735943003,20.622466071278,mid,Queretaro Int'l,QRO,terminal,MMQT
70.7799548311565,22.3092816988361,mid,Rajkot,RAJ,runway,VARK
-77.333119638113,37.5082899750901,major,Richmond Int'l,RIC,terminal,KRIC
88.6138045704431,24.4448068623035,mid,Shah Makhdum,RJH,terminal,VGRJ
-77.6652445062197,43.1275519826482,major,Greater Rochester Int'l,ROC,terminal,KROC
150.478897,-23.378599,mid,Rockhampton,ROK,terminal,YBRK
39.8035144445391,47.2551119519754,mid,Rostov-on-Don,ROV,terminal,URRR
46.035023249891,51.5606456508842,mid,Saratov,RTW,ramp,UWSS
-87.9272365125409,15.4558630524883,mid,Ramón Villeda Morales Int'l,SAP,terminal,MHLM
-119.8366015808,34.4257312978783,mid,Santa Barbara Muni.,SBA,terminal,KSBA
-148.457855,70.19751,mid,Deadhorse,SCC,ramp,PASC
-50.694199,67.018097,mid,Kangerlussuaq,SFJ,ramp,BGSF
-93.3826379012003,37.2421444903024,major,Springfield Reg.,SGF,terminal,KSGF
-93.8285222229503,32.4545798866513,major,Shreveport Reg.,SHV,terminal,KSHV
33.9960529244537,45.0202173978165,major,Simferopol Int'l,SIP,ramp,UKFF
-135.365692,57.05349,mid,Sitka Rocky Gutierrez,SIT,terminal,PASI
-109.717858386909,23.1626574483597,major,Los Cabos Int'l,SJD,terminal,MMSD
-123.007871479404,44.9105138452142,major,McNary Field,SLE,terminal,KSLE
-100.932260548587,25.5479976419974,mid,Plan de Guadalupe,SLW,ramp,MMIO
-8.92242885557686,52.6934537102532,major,Shannon,SNN,terminal,EINN
167.220894919375,-15.5055387370858,mid,Santo Pekoa Int'l,SON,runway,NVSS
110.378556255666,-6.97873484956982,mid,Achmad Yani,SRG,terminal,WARS
74.7826243672311,33.9830909431623,military mid,Srinagar,SXR,ramp,VISR
-92.370003,14.7911281338773,mid,Tapachula Int'l,TAP,ramp,MMTP
19.2466868618873,42.3679335195428,major,Podgorica,TGD,terminal,LYPG
-84.3449953984858,30.3955576176938,major,Tallahassee Reg.,TLH,terminal,KTLH
7.64416230362133,45.1916600734642,major,Turin Int'l,TRN,terminal,LIMF
112.625891539315,37.7545117791512,major,Taiyuan Wusu Int'l,TYN,terminal,ZBYN
-45.4164008923108,61.1625968337328,mid,Narsarsuaq,UAK,ramp,BGBW
101.00020929048,12.6852930912664,military mid,U-Tapao,UTP,ramp,VTBU
25.8467677208826,-18.0990155983682,mid,Victoria Falls,VFA,runway,FVFA
80.7973080000675,16.528642778235,mid,Vijaywada,VGA,ramp,VOBZ
82.8538741913527,25.4499077329822,mid,Varanasi,VNS,terminal,VIBN
-81.4367103850623,23.0395422339631,major,Juan Gualberto Gomez,VRA,terminal,MUVR
-92.8190675836262,17.9930660113111,mid,Villahermosa,VSA,terminal,MMVA
-99.9458959002463,49.9047279410277,mid,Brandon,YBR,terminal,CYBR
-113.478839054497,53.6749156618668,military major,CFB Edmonton,YED,ramp,CYED
-68.5367292441812,63.7511523537807,mid,Iqaluit,YFB,terminal,CYFB
-79.9264230959967,43.1633605305096,mid,John C. Munro Hamilton Int'l,YHM,terminal,CYHM
-111.223840046617,56.6563171390962,mid,Fort McMurray,YMM,terminal,CYMM
121.372047417773,37.4077044726924,major and military,Yantai,YNT,terminal,ZSYT
-117.443663208082,56.231924036745,mid,Peace River,YPE,terminal,CYPE
-64.6886696807361,46.1162059639259,mid,Greater Moncton Int'l,YQM,terminal,CYQM
-60.0469372117026,46.1673405890504,mid,Sydney/J.A. Douglas McCurdy,YQY,terminal,CYQY
-94.9708023244006,74.7181860987594,mid,Resolute Bay,YRB,runway,CYRB
-111.961059938158,60.0198749602443,mid,Fort Smith,YSM,runway,CYSM
-97.860733,55.797482,mid,Thompson,YTH,ramp,CYTH
-81.372047,48.566158,mid,Timmins,YTS,ramp,CYTS
-86.25,66.533302,mid,Repulse Bay,YUT,approximate,CYUT
-68.433342,58.101959,mid,Kuujjuaq,YVP,approximate,CYVP
-66.873009,52.926071,mid,Wabush,YWK,ramp,CYWK
-113.522973688581,53.5709436582812,mid,Edmonton City Centre,YXD,terminal,CYXD
-120.736439,56.246035,mid,Fort St. John (N. Peace),YXJ,approximate,CYXJ
-79.42491,46.358711,mid,North Bay/Jack Garland,YYB,approximate,CYYB
7.68726764310577,11.1352958601071,mid,Zaria,ZAR,ramp,DNZA
21.6281971858229,41.9564546081544,mid,Skopje,SKP,terminal,LWSK
86.974546776573,23.6312179107764,mid,Burnpur,VE23,runway,VE23
77.3507888779117,28.7077968601071,mid,Hindon Air Force Station,VIDX,runway,VIDX
125.890825057486,39.4119659710565,major,Sunchon,,runway,
19.4032148744037,51.72720704517,mid,Łódź Władysław Reymont,EPLL,terminal,EPLL
76.8782640096648,43.3554190837919,mid and military,Alma Ata N.W.,BXJ,ramp,UAAR
130.456204704407,46.8430150223379,mid,Jiamusi Dongjiao,JMU,ramp,ZYJM
129.58015153222,44.5342936299935,major,Mudanjiang Hailang,MDG,ramp,ZYMD
33.2903527616285,69.0168711826804,military major,Severomorsk-3 (Murmansk N.E.),ULMM,runway,ULMM
43.145802,36.308601,mid,Mosul Int'l,OSB,runway,ORBM
39.6353996343665,47.2774209202867,military mid,Rostov N.,,runway,
39.7972215345149,47.1158577255835,mid,Rostov S.W.,,runway,
25.3728374704307,64.9287992358849,mid,Oulu,OUL,terminal,EFOU
-0.701793449075243,44.8321108662674,major,Bordeaux,BOD,terminal,LFBD
6.95431612028937,43.546097987045,mid,Mandelieu,CEQ,terminal,LFMD
0.158653528230218,49.3616609986609,mid,St Gatien,DOL,ramp,LFRG
3.10596499799813,50.5716423929581,mid,Lille-Lesquin,LIL,terminal,LFQQ
1.37350918551153,43.6304625661601,major,Toulouse-Blagnac,TLS,terminal,LFBO
130.444189541884,33.5848164332573,major,Fukuoka,FUK,terminal,RJFF
132.419372741681,34.3713815628829,mid,Hiroshima-Nishi,HIW,terminal,RJBH
136.91962838414,35.2540532052867,mid,Nagoya,NKM,terminal,RJNA
140.930247381369,38.1382075615287,mid,Sendai,SDJ,terminal,RJSS
29.8913489500406,69.7238318113692,mid,Kirkenes Hoybuktmoen,KKN,terminal,ENKR
-56.1201774754724,-15.6511470191955,mid,Marechal Rondon Int'l,CGB,terminal,SBCY
-48.5448122049599,-27.6646276941638,major,Hercilio Luz Int'l,FLN,terminal,SBFL
-48.8016498165616,-26.2242941374785,mid,Joinville-Lauro C. de Loyola,JOI,terminal,SBJV
-34.9488925911125,-7.14617462402047,mid,Presidente Castro Pinto Int'l,JPA,terminal,SBJP
-35.2488410165389,-5.89912054477116,major,Augusto Severo Int'l,NAT,terminal,SJJQ
-8.67127240719647,41.2368708920452,major,Francisco Sa Carneiro,OPO,terminal,LPPR
-44.2362344700492,-2.58350921043018,mid,Marechal Cunha Machado Int'l,SLZ,terminal,SBSL
-46.3052704931003,-23.9237590410637,military mid,Santos Air Force Base,SSZ,ramp,SBST
-42.8212402317845,-5.06346299167191,mid,Teresina-Senador Petronio Portella,THE,terminal,SBTE
-47.1410791911014,-23.0096239085339,mid,Viracopos-Campinas Int'l,VCP,terminal,SBKP
-40.2885368759913,-20.2574162759418,mid,Eurico de Aguiar Salles,VIX,ramp,SBVT
-0.557230440363588,38.2866408993929,major,Alicante,ALC,terminal,LEAL
-2.3716014405912,36.8477672709643,mid,Almeria,LEI,terminal,LEAM
-0.473474930771676,39.4914597884489,mid,Valencia,VLC,terminal,LEVC
20.3351522954898,67.8256066056432,mid,Kiruna_Airport,KRN,terminal,ESNQ
16.2339407695814,58.5833805017541,major,Norrköping Airport,NRK,terminal,ESSP
107.575611852209,-6.90042408353409,mid,Husein Sastranegara Int'l,BDO,runway,WICC
-60.7800787216586,-32.9162269743812,mid,Rosario – Islas Malvinas Int'l,ROS,terminal,SAAR
-35.7924951215833,-9.51494118540116,mid,Maceio/Zumbi dos Palmares Int'l,MCZ,terminal,SBMO
34.3901189267288,27.9804044199168,mid,Sharm el-Sheikh Int'l,SSH,ramp,HESH
34.7758378996779,29.5944990568019,mid,Taba Int'l,TCP,terminal,HETB
77.960909176509,27.15772773475,major and military,Agra,AGR,runway,VIAG
73.2262889533239,22.3361640021171,mid,Vadodara,BDQ,runway,VABO
47.1565835165639,34.3464167739108,mid,Shahid Ashrafi Esfahani,KSH,runway,OICC
20.2680398018516,32.0872774606553,mid,Benina Int'l,BEN,ramp,HLLB
50.1477245727844,26.2703680854768,military major,King Abdulaziz AB,DHA,ramp,OEDR
-57.9840821176492,-31.4373883387798,mid,Nueva Hespérides Int'l,STY,runway,SUSO
63.307354423875,45.9635739403124,spaceport,Baikonur Cosmodrome,BAIK,approximate,
-80.6369680911892,28.5163704772027,spaceport,Kennedy Space Center,KSC,approximate,
-52.7684296893452,5.23941001258035,spaceport,Centre Spatial Guyanais,CSG,terminal,
-70.0076228563496,12.5034643630297,mid,Queen Beatrix Int'l,AUA,terminal,TNCA
43.1497127859956,11.5521018230172,mid,Djibouti-Ambouli Int'l,JIB,terminal,HDAM
-70.178635395533,-20.5478400878309,mid and military,Diego Aracena Int'l,IQQ,terminal,SCDA
29.3095991423889,40.9043003553957,major,Sabiha Gökçen Havaalani,SAW,terminal,LTFJ
162.957041225076,5.3520098571828,mid,Kosrae Island,KSA,ramp,PTSA
179.19544202302,-8.52485415059424,mid,Funafuti Int'l,FUN,ramp,NGFU
79.0537976421986,21.0899317630087,mid,Dr. Babasaheb Ambedkar Int'l,NAG,terminal,VANP
98.3060384900559,8.10768475952735,mid,Phuket Int'l,HKT,terminal,VTSP
177.451151198059,-17.7529129479792,mid,Nadi Int'l,NAN,terminal,NFFN
-102.314093740058,21.7013390329207,mid,Lic. Jesús Terán Peredo Int'l,AGU,terminal,MMAS
8.12314535436409,44.0458773598158,mid,Albenga,ALL,ramp,LIMG
35.989707162193,31.7226621600432,major,Queen Alia Int'l,AMM,terminal,OJAI
-70.3357301410959,-18.3492061639579,mid,Chacalluta Int'l,ARI,terminal,SCAR
-13.0511704323315,20.4982706101565,mid,Atar Int'l,ATR,terminal,GQPA
-74.776555978265,10.8866775959414,mid,Ernesto Cortissoz Int'l,BAQ,terminal,SKBQ
-71.1614300869763,-41.1459976958105,mid,Teniente Luis Candelaria Int'l,BRC,terminal,SAZS
-5.06894222275311,7.73610495555032,mid,Bouaké,BYK,terminal,DIBK
-88.3082064033075,17.5360686575521,major,Philip S. W. Goldson Int'l,BZE,terminal,MZBZ
-97.5022678710298,27.7744560700823,major,Corpus Christi Int'l,CRP,terminal,KCRP
-68.9568788072761,12.1848346052019,mid,Hato Int'l,CUR,terminal,TNCC
-71.9436641449722,-13.5382186992639,major,Velazco Astete Int'l,CUZ,terminal,SPZO
39.2074715039165,-6.86672004249119,mid,Julius Nyerere Int'l,DAR,terminal,HTDA
-83.0039681417733,42.4090938431907,mid,Detroit City,DET,terminal,KDET
125.524854209182,-8.54931157414564,mid,Presidente Nicolau Lobato Int'l,DIL,terminal,WPDL
37.9002531289452,55.4141528223023,major,Moscow Domodedovo Int'l,DME,terminal,UUDD
170.200027,-45.923431,mid,Dunedin Int'l,DUD,terminal,NZDN
45.2817864197899,-12.8049474381643,mid,Dzaoudzi Pamanzi Int'l,DZA,terminal,FMCZ
-106.395714679366,31.7990860272589,mid,El Paso Int'l,ELP,terminal,KELP
44.4000630536938,40.1523679451884,major,Zvartnots Int'l,EVN,terminal,UDYZ
-97.3551348561587,32.8207529047972,major,Fort Worth Meacham Field,FTW,terminal,KFTW
-71.1461337448876,21.4421237439063,mid,JAGS McCartney Int'l,GDT,terminal,MBGT
-94.8554013876264,29.2671239212096,mid,Scholes Int'l,GLS,terminal,KGLS
29.2400534952228,-1.65831795002069,mid,Goma Int'l,GOM,terminal,FZNA
13.3724309377878,9.33068867678854,mid,Garoua Int'l,GOU,terminal,FKKR
144.805850357093,13.4926462359465,major,Antonio B. Won Pat Int'l,GUM,terminal,PGUM
-87.4083596247406,41.6177930015166,mid,Gary/Chicago Int'l,GYY,terminal,KGYY
43.2745612179616,-11.5366393829127,mid,Prince Said Ibrahim Int'l,HAH,terminal,FMCH
147.505996190408,-42.8376083694822,mid,Hobart Int'l,HBA,terminal,YMHB
160.045855129925,-9.42757566400146,mid,Honiara Int'l,HIR,terminal,AGGH
30.4451305182104,50.412808165985,mid,Kiev Zhuliany Int'l,IEV,terminal,UKKK
104.355859748002,52.2728893882244,mid and military,Irkutsk S.E.,IKT,terminal,UIII
-86.2734003650885,39.7302043703969,major,Indianapolis Int'l,IND,terminal,KIND
166.91613965882,-0.545037226856384,mid,Nauru Int'l,INU,runway,ANYN
-109.43006441001,-27.1587738388538,mid,Mataveri Int'l,IPC,terminal,SCIP
-65.0937665458812,-24.3861010775846,mid,Gob. Horacio Guzman Int'l,JUJ,terminal,SASJ
115.911979918602,28.8624891200666,mid,Nanchang Changbei Int'l,KHN,terminal,ZSCN
102.928522759265,25.1012055318456,major,Kunming Changshui Int'l,KMG,terminal,ZPPP
-1.65983106734746,53.8690819474434,major,Leeds Bradford,LBA,terminal,EGNM
9.41022337820712,0.457139229503759,mid,Libreville Leon M'ba Int'l,LBV,terminal,FOOL
1.25093205640014,6.16687362722297,mid,Lomé Tokoin,LFW,terminal,DXXX
23.9461269598944,49.8178506050005,mid and military,Lviv Danylo Halytskyi Int'l,LWO,runway,UKLL
171.281919370648,7.06811848557091,mid,Marshall Islands Int'l,MAJ,terminal,PKMJ
113.57451294862,22.1576572529634,major,Macau Int'l,MFM,terminal,VMMC
45.3036374186202,2.01635311214988,mid,Aden Adde Int'l,MGQ,runway,HCMM
32.5741915194782,-25.924276711787,mid,Maputo Int'l,MPM,terminal,FQMA
57.6769860076636,-20.4317567793216,mid,Sir Seewoosagur Ramgoolam Int'l,MRU,terminal,FIMP
14.2828444340203,40.8780728843639,major,Naples Int'l,NAP,terminal,LIRN
-17.0334398691538,20.9290523064387,mid,Nouadhibou Int'l,NDB,ramp,GQPP
121.461819388484,29.8208231906861,major,Ningbo Lishe Int'l,NGB,terminal,ZSNB
-15.9519259252201,18.0979231718174,mid,Nouakchott Int'l,NKC,terminal,GQNN
166.217232118699,-22.0136386248981,mid,La Tontouta Int'l,NOU,terminal,NWWW
-122.213261257863,37.7123036951691,major,Oakland Int'l,OAK,terminal,KOAK
-117.592327651651,34.060191102066,major,Ontario Int'l,ONT,parking,KONT
-8.49014199983817,51.8485405419923,major,Cork,ORK,terminal,EICK
100.285455851791,-0.786045714026273,mid,Minangkabau Int'l,PDG,terminal,WIMG
-25.6969882198711,37.7433316472933,mid,João Paulo II,PDL,ramp,LPPD
71.5188149912667,33.9914027889596,mid,Bacha Khan Int'l,PEW,ramp,OPPS
-4.61097163901068,55.5088918105142,mid,Glasgow Prestwick,PIK,terminal,EGPK
-55.7060793748573,-22.551786560876,mid,Ponta Porã Int'l,PMG,terminal,SBPP
175.62128328196,-40.3233178852055,mid,Palmerston N. Int'l,PMR,terminal,NZPM
158.203304490964,6.98130676512123,mid,Pohnpei Int'l,PNI,terminal,PTPN
-149.609757932429,-17.5594577659942,mid,Tahiti Faa'a Int'l,PPT,terminal,NTAA
10.4001343718056,43.6983224157664,major and military,Pisa Galileo Galilei Int'l,PSA,terminal,LIRP
37.216065757542,19.5760636531968,mid and military,Port Sudan,PZU,runway,HSSP
-23.4862019883587,14.9449889352832,mid,Praia Int'l,RAI,terminal,GVNP
-8.02460535907989,31.6022946597764,mid,Marrakech-Menara,RAK,terminal,GMMX
-159.798156308387,-21.2009821724632,mid,Rarotonga Int'l,RAR,ramp,NCRG
103.815780528112,13.4087969693538,major,Siem Reap Int'l,REP,terminal,VDSR
-67.7530268462675,-53.7814746058316,mid,Hermes Quijada Int'l,RGA,terminal,SAWE
-69.3064711776731,-51.6116980855402,mid,Piloto Civil Norberto Fernandez Int'l,RGL,terminal,SAWG
-119.775283308105,39.5058499014703,major,Reno-Tahoe Int'l,RNO,terminal,KRNO
134.532953466159,7.3644955361292,mid,Roman Tmetuchl Int'l,ROR,terminal,PTRO
-22.9440574079648,16.7347932693385,mid,Amilcar Cabral Int'l,SID,terminal,GVAC
18.3366185457127,43.8258872246797,major,Sarajevo,SJJ,terminal,LQSA
-62.7142125047316,17.311125840442,mid,Robert L. Bradshaw Int'l,SKB,terminal,TKPK
-65.4784760437796,-24.8443742713315,mid,Martín Miguel de Güemes Int,SLA,terminal,SASA
145.723694658638,15.1215167197664,mid,Saipan Int'l,SPN,terminal,PGSN
-65.2928631387847,-19.0139157924657,mid,Juana Azurduy de Padilla Int'l,SRE,terminal,SLSU
-63.1122760858602,18.042244021474,major,Princess Juliana Int'l,SXM,terminal,TNCM
44.134782731062,13.6854970025574,mid,Ta'izz Int'l,TAI,terminal,OYTZ
120.380685949061,36.2677578081039,mid,Qingdao Liuting Int'l,TAO,terminal,ZSQD
151.842046037403,7.45761780288443,mid,Chuuk Int'l,TKK,terminal,PTKK
-5.91288087655914,35.7257656409274,mid,Tangier Ibn Battouta,TNG,terminal,GMTT
173.145990795301,1.3806686975383,mid,Bonriki Int'l,TRW,ramp,NGTA
71.4609441399936,51.0269352907712,major,Astana Int'l,TSE,terminal,UACC
117.352723159919,39.1294609909008,major,Tianjin Binhai Int'l,TSN,terminal,ZBTJ
146.77067890477,-19.2561814376212,major and military,Townsville,TSV,terminal,YBTL
-65.1081246236248,-26.8357310050714,mid,Teniente Gen. Benjamin Matienzo Int'l,TUC,terminal,SANT
10.2176992447111,36.8474482177219,major,Aeroport Tunis,TUN,terminal,DTTA
-110.937713232132,32.1203523441898,major,Tucson Int'l,TUS,terminal,KTUS
106.762873994929,47.8525260966684,mid,Chinggis Khaan Int'l,ULN,terminal,ZMUB
87.4671298487808,43.8983382193653,major,Ürümqi Diwopu Int'l,URC,terminal,ZWWW
168.319622739662,-17.7016990681781,mid,Bauerfield Int'l,VLI,terminal,NVVV
143.669102299698,-3.58022689444744,mid,Wewak Int'l,WWK,terminal,AYWK
4.19111982574289,48.7803946138566,military mid,Châlons Vatry,XCR,terminal,LFOK
118.12696884672,24.537192570557,major,Xiamen Gaoqi Int'l,XMN,terminal,ZSAM
138.086430283619,9.49791733361348,mid,Yap Int'l,YAP,terminal,PTYA
-104.560095200097,19.1480860285854,mid,Playa de Oro Int'l,ZLO,terminal,MMZO
-52.3638068572357,4.82126714308924,mid,Cayenne – Rochambeau,CAY,terminal,SOCA
104.197359284494,52.3616476700131,mid,Irkutsk N.W.,UIII,ramp,UIIR
114.692266598902,38.278140913112,major,Shijiazhuang Zhengding Int'l,SJW,terminal,ZBSJ
50.0498394867405,40.462746883908,major,Heydar Aliyev Int'l,GYD,terminal,UBBB
33.322201334899,35.1063448067362,military mid,Lakatamia Airbase,LAK,ramp,LCRO
-42.0792517520184,-22.9256317091328,mid,Cabo Frio Int'l,CFB,terminal,SBCB
25.0455353698315,60.2493778499587,mid,Helsinki-Malmi,HEM,terminal,EFHF
6.21642121728731,49.6343040925102,major,Luxembourg-Findel,LUX,terminal,ELLX
12.3410673004369,45.5048477588455,major,Venice Marco Polo,VCE,terminal,LIPZ
128.66298866884,38.0587824162585,mid,Yangyang Int'l,YNY,terminal,RKNY
-69.939473933909,-4.25032469493379,mid,Tabatinga Int'l,TBT,terminal,SBTT
-60.6922206338682,2.84119534121157,mid,Boa Vista Int'l,BVB,terminal,SBBV
-15.3899245158461,27.9368899716574,major,Gran Canaria,LPA,terminal,GCLP
-72.0538569101296,-50.2839008690038,mid,Com. Armando Tola Int'l,ING,terminal,SAWA
16.9216055584254,58.7851041303448,mid,Stockholm-Skavsta,NYO,terminal,ESKN
98.6761925714641,3.56659179990894,mid,Polonia Int'l,MES,terminal,WIMM
18.524123630208,4.39885153695957,mid,Bangui M'Poko Int'l,BGF,terminal,FEFF
120.432097376313,30.2351862790414,major,Hangzhou Xiaoshan Int'l,HGH,terminal,ZSHC
-157.34977789343,1.98616119792402,mid,Cassidy Int'l,CXI,runway,PLCH
23.3831885738691,55.90376945404,mid,Šiauliai Int'l,SQQ,runway,EYSA
-169.926129774217,-19.0767129354511,mid,Niue Int'l,IUE,terminal,NIUE
-54.8393995296062,-25.4568570715812,mid,Guaraní Int'l,AGT,terminal,SGES
-71.5679335385285,-16.344552065352,mid,Rodríguez Ballón Int'l,AQP,terminal,SPQU
132.139841720715,43.3776492533885,mid and military,Vladivostok Int'l,VVO,terminal,UHWW
21.0302690124746,42.5850331153448,major,Pristina,PRN,ramp,BKPR
4.45092277399909,51.1891285063806,mid,Deurne,ANR,terminal,EBAW
-110.367197859809,24.0760903521803,mid,Gen. Márquez de León Int'l,LAP,terminal,MMLP
126.236983030863,45.6206011723245,major,Harbin Taiping,HRB,terminal,ZYHB
76.9189025612913,8.47650993894514,mid,Trivandrum Int'l,TRV,terminal,VOTV
27.1492975952664,38.2912347645175,major,Adnan Menderes,ADB,terminal,LTBJ
118.866102146906,31.7353249296177,major,Nanjing Lukou Int'l,NKG,terminal,ZSNJ
-78.7039343114497,26.548246747189,mid,Freeport Int'l,FPO,terminal,MYGF
13.1442589810713,32.6691695504993,major,Tripoli Int'l,TIP,terminal,HLLT
-54.5755719093578,48.9465980060736,mid,Gander Int'l,YQX,terminal,CYQX
51.5585487876547,25.2682461310506,major and military,Doha Int'l,DOH,terminal,OTBD
-106.6166851616,35.0491578018276,major,Albuquerque Int'l,ABQ,terminal,KABQ
-61.7923676698358,17.1403599371617,mid,V.C. Bird Int'l,ANU,terminal,TAPA
-171.99732221834,-13.8325013323956,mid,Faleolo,APW,terminal,NSFA
31.0162490438011,27.0508158406978,mid,Asyut,ATZ,terminal,HEAT
50.6260028757534,26.2696971499497,major,Bahrain Int'l,BAH,terminal,OBBI
-72.685394743339,41.9303160058352,major,Bradley Int'l,BDL,terminal,KBDL
-59.4874188953158,13.079661104553,mid,Grantley Adams Int'l,BGI,terminal,TBPB
-16.6523132698075,13.3438604788942,mid,Yundum Int'l,BJL,terminal,GBYD
29.3209840169939,-3.32204434913113,mid,Bujumbura Int'l,BJM,terminal,HBBA
34.9719441837933,-15.6813844793272,mid,Chileka Int'l,BLZ,terminal,FWCL
122.233850515022,-17.952576129268,mid,Broome Int'l,BME,terminal,YBRM
56.368886456411,27.2103258455145,mid,Bandar Abbass Int'l,BND,terminal,OIKB
47.6683766633518,30.552799016106,major,Basrah Int'l,BSR,terminal,ORMM
-106.435846631055,31.6357566201951,mid,Ciudad Juarez Int'l,CJS,terminal,MMCS
79.8852573421506,7.17807710544221,major,Katunayake Int'l,CMB,terminal,VCBI
145.7535848444,-16.8767421554062,mid,Cairns Int'l,CNS,terminal,YBCS
98.9681181241593,18.7688473919675,major,Chiang Mai Int'l,CNX,terminal,VTCC
-104.700880274111,38.7974248779125,major,City of Colorado Springs,COS,terminal,KCOS
-90.5036283734038,19.8142247992074,mid,Ign. Alberto Ongay Int'l,CPE,terminal,MMCP
113.214054203252,28.1899218619451,major,Changsha Huanghua Int'l,CSX,terminal,ZGHA
-84.6561699153392,39.055418904783,major,Greater Cincinnati Int'l,CVG,terminal,KCVG
108.202706257936,16.053144145167,major,Da Nang,DAD,terminal,VVDN
-96.84986377098,32.8444253732738,major,Dallas Love Field,DAL,terminal,KDAL
36.5128954718126,33.4114366702732,major,Damascus Int'l,DAM,terminal,OSDI
-82.4317583369387,8.39126106116917,mid,Enrique Malek Int'l,DAV,terminal,MPDA
41.857756722253,9.61267784753569,mid,Aba Tenna D. Yilma Int'l,DIR,terminal,HADR
115.162322961107,-8.74475731595652,major,Bali Int'l,DPS,terminal,WADD
-93.6484612563736,41.5327904242113,major,Des Moines Int'l,DSM,terminal,KDSM
32.4427573135214,0.044940949388672,mid,Entebbe Int'l,EBB,terminal,HUEN
25.3302714896212,0.492225136917501,mid,Kisangani Bangoka Int'l,FKI,terminal,FZIC
119.668043820999,25.9318233148143,mid,Fuzhou Changle Int'l,FOC,terminal,ZSFZ
91.588229058187,26.1052475924255,mid,Lokpriya G. Bordoloi Int'l,GAU,terminal,VEGT
18.4684422165911,54.3807025352925,major,Gdansk Lech Walesa,GDN,terminal,EPGD
-61.7858529909285,12.0072683054283,mid,Point Salines Int'l,GND,terminal,TGPY
43.7896337062935,56.2185525910656,mid,Nizhny Novgorod Int'l,GOJ,terminal,UWGG
-110.921651270402,27.9694553962829,mid,Gen. José M. Yáñez Int'l,GYM,terminal,MMGM
111.814681821626,40.8540600906552,mid,Hohhot Baita Int'l,HET,terminal,ZBHH
-111.989896896008,46.6102043529,mid,Helena Reg.,HLN,terminal,KHLN
-111.051901711819,29.0900772523445,mid,Gen. Ignacio P. Garcia Int'l,HMO,terminal,MMHO
-77.4477925769206,38.952774037953,major,Dulles Int'l,IAD,terminal,KIAD
-155.039629733435,19.7147976868663,mid,Hilo Int'l,ITO,terminal,PHTO
-90.0750986276924,32.3100600273635,major,Jackson Int'l,JAN,terminal,KJAN
-81.6835767278311,30.491352730948,major,Jacksonville Int'l,JAX,terminal,KJAX
110.341837054315,1.4872079377901,mid,Kuching Int'l,KCH,terminal,WBGG
30.1348768187856,-1.96365443664138,mid,Kigali Int'l,KGL,terminal,HRYR
19.8009772844504,50.0722630648331,major,Kraków-Balice,KRK,terminal,EPKK
50.1472655210191,53.5083848190935,major,Kurumoch,KUF,terminal,UWWW
110.04689349777,25.2176055252293,major,Guilin Liangjiang Int'l,KWL,terminal,ZGKL
120.533876196127,18.1824180866379,mid,Laoag Int'l,LAO,terminal,RPLI
-73.8719858204814,40.7745539398858,major,LaGuardia,LGA,terminal,KLGA
-0.162961639139456,51.1557567519275,major,London Gatwick,LGW,terminal,EGKK
14.4548126283266,46.2305445554486,major,Ljubljana,LJU,terminal,LJLJ
80.8841719732472,26.7639328700916,mid,Amausi Int'l,LKO,terminal,VILK
-57.895382063651,-34.9655441559234,mid,La Plata,LPG,terminal,SADL
-97.5308217121187,25.7708412640619,mid,Gen. Sevando Canales,MAM,terminal,MMMA
-2.27337159069427,53.3624896066518,major,Manchester Int'l,MAN,terminal,EGCC
-94.7159148579154,39.2978958263659,major,Kansas City Int'l,MCI,terminal,KMCI
58.2904804753493,23.5885704175856,major,Seeb Int'l,MCT,terminal,OOMS
10.753368185054,35.760710442178,mid,Habib Bourguiba Int'l,MIR,terminal,DTMB
5.22137917720337,43.4410600016468,major,Marseille Provence Airport,MRS,terminal,LFML
-99.5680081930063,27.4496896508316,mid,Quetzalcoatl Int'l,NLD,terminal,MMNL
108.168012273331,22.6120370541785,major,Nanning Wuwu Int'l,NNG,terminal,ZGNN
-96.7217959384975,17.0005592569745,mid,Xoxocotlán Int'l,OAX,terminal,MMOX
-156.437429581353,20.8932885151112,mid,Kahului,OGG,terminal,PHOG
-97.5961177542092,35.3952774911744,major,Will Rogers,OKC,terminal,KOKC
-76.2044231712327,36.8982394673674,major,Norfolk Int'l,ORF,terminal,KORF
-80.0901893383387,26.688441666433,major,Palm Beach Int'l,PBI,terminal,KPBI
-55.1999113892902,5.45599967797439,mid,Pengel Int'l,PBM,terminal,SMJP
56.0195602820297,57.9197711231691,mid,Bolshesavino,PEE,terminal,USPP
100.265786380955,5.29265627790489,mid,Penang Int'l,PEN,terminal,WMKP
6.94989742723191,5.00700347673943,mid,Port Harcourt Int'l,PHC,terminal,DNPO
118.631797815615,-20.3781272960723,mid,Port Hedland Int'l,PHE,terminal,YPPD
-100.292641981705,44.3801534668762,mid,Pierre Regional,PIR,terminal,KPIR
-80.2561290571918,40.4960518915285,major,Greater Pittsburgh Int'l,PIT,terminal,KPIT
-170.713307053734,-14.3290641850306,mid,Pago Pago Int'l,PPG,terminal,NSTU
-1.73373170434452,52.4529085542838,major,Birmingham Int'l,BHX,terminal,EGBB
-10.3530851867934,6.24183456554525,mid,Roberts Int'l,ROB,terminal,GLRB
81.7403775915201,21.1859868561447,mid,Raipur,RPR,terminal,VARP
-89.0572035692743,13.4447481228616,mid,El Salvador Int'l,SAL,terminal,MSLP
-117.197511025731,32.7322645570132,major,San Diego Int'l,SAN,terminal,KSAN
-98.4719699991559,29.5266203391315,major,San Antonio Int'l,SAT,terminal,KSAT
-81.2099647750913,32.1356415522902,major,Savannah Int'l,SAV,terminal,KSAV
-75.8398877639791,19.9724288717622,mid,Antonio Maceo,SCU,terminal,MUCU
-100.936477816267,22.2557130495903,mid,Ponciano Arriaga Int'l,SLP,terminal,MMSP
-121.587894877723,38.6927238925554,major,Sacramento Int'l,SMF,terminal,KSMF
-70.6941783224468,19.4659219152888,mid,Cibao Int'l,STI,terminal,MDST
60.8058033432174,56.732245612046,major,Koltsovo,SVX,terminal,USSS
-76.1130789991049,43.1317844943741,major,Syracuse Hancock Int'l,SYR,terminal,KSYR
46.244713373574,38.1311107688175,mid,Tabriz,TBZ,terminal,OITT
-103.398787828579,25.5632164399896,mid,Torreon Int'l,TRC,terminal,MMTC
-95.889882271542,36.190127565195,major,Tulsa Int'l,TUL,terminal,KTUL
-83.9899378327585,35.8057448027088,major,Mcghee Tyson,TYS,terminal,KTYS
55.8840773411837,54.5651323578972,major,Ufa Int'l,UFA,terminal,UWUU
-60.9499737723461,13.7365238050489,mid,Hewanorra Int'l,UVF,terminal,TLPL
17.4632259028133,-22.4869531202041,mid,Windhoek Hosea Kutako Int'l,WDH,terminal,FYWH
-84.5006089999717,46.4854175101926,mid,Sault Ste Marie,YAM,terminal,CYAM
-120.185595619101,55.7394117074557,mid,Dawson Cr.,YDQ,terminal,CYDQ
-113.584492564406,53.3072001619183,major,Edmonton Int'l,YEG,terminal,CYEG
-63.5149652501673,44.886545450101,major,Halifax Int'l,YHZ,terminal,CYHZ
-120.441734763962,50.7051955184591,mid,Kamloops,YKA,terminal,CYKA
-80.7957747817105,46.6227508204893,mid,Sudbury,YSB,terminal,CYSB
-65.8905573681168,45.3292305955017,mid,Saint John,YSJ,terminal,CYSJ
-122.674014743986,53.8842485751138,mid,Prince George,YXS,terminal,CYXS
-123.430624539528,48.640529482179,major,Victoria Int'l,YYJ,terminal,CYYJ
122.062432321637,6.9197577480583,mid,Zamboanga Int'l,ZAM,terminal,RPMZ
103.615415363043,36.5078842461237,mid,Lanzhou Zhongchuan,ZGC,terminal,ZLLL
-73.8093518843173,42.7456619801729,mid,Albany Int'l,ALB,terminal,KALB
-87.9021056250744,42.9479198729586,major,General Mitchell Int'l,MKE,terminal,KMKE
114.24694737615,30.6017141196702,military mid,Wang-Chia Tun Airbase,ZHHH,runway,
109.40823949108,18.3090959908593,major,Sanya Phoenix Int'l,SYX,terminal,ZJSY
90.9005610194027,29.2936936123184,mid,Lhasa Gonggar,LXA,terminal,ZULS
79.8723005212191,37.0400363509765,mid,Hotan,HTN,terminal,ZWTN
13.7649671440047,51.1250912428871,major,Dresden,DRS,terminal,EDDC
-6.597753628116,34.2986673638223,military major,Kenitra Air Base,NNA,terminal,GMMY
6.26491085364159,46.1957283286261,mid,Annemasse,QNJ,ramp,LFLI
-110.972721301675,31.2255371741159,mid,Nogales Int'l,NOG,terminal,MMNG
7.62784196688924,48.5446961721759,mid,Strasbourg,SXB,terminal,LFST
7.12235975524539,50.8782596629471,major,Cologne/Bonn,CGN,terminal,EDDK
128.948801379039,35.1702840636829,major,Kimhae Int'l,PUS,terminal,RKPK
126.491629401972,33.5247173150399,major,Jeju Int'l,CJU,terminal,RKPC
5.6298103297218,58.8821564842185,major,Stavanger Sola,SVG,terminal,ENZV
10.9168095241445,63.472029381717,major,Trondheim Vaernes,TRD,terminal,ENVA
-57.6636078925543,-19.0141662885534,mid,Corumbá Int'l,CMG,terminal,SBCR
-16.7756374531213,32.6933642847489,mid,Madeira,FNC,terminal,LPMA
-54.4885922735633,-25.5976832162102,mid,Foz do Iguaçu Int'l,IGU,terminal,SBFI
-63.8984625004213,-8.71442482859288,mid,Gov. Jorge Teixeira de Oliveira Int'l,PVH,terminal,SBPV
-2.90609011679805,43.3050829811195,mid,Bilbao,BIO,terminal,LEBB
2.72997660200647,39.5657758586254,major,Palma de Mallorca,PMI,terminal,LEPA
-16.3463175679264,28.4875770267731,major,Tenerife N.,TFN,terminal,GCXO
12.2938269092573,57.6857493534879,major,Gothenburg,GOT,terminal,ESGG
22.1230271243945,65.5490362477616,major,Lulea,LLA,terminal,ESPA
54.6463293225558,24.4272271529764,major,Abu Dhabi Int'l,AUH,terminal,OMAA
6.62194665181219,36.2834409441601,mid,Mohamed Boudiaf Int'l,CZL,terminal,DABC
32.8244372462973,23.9682765441778,mid,Aswan Int'l,ASW,terminal,HESN
25.8294409760452,66.5595564168509,mid,Rovaniemi,RVN,terminal,EFRO
-58.2541191925889,6.49855290813572,mid,Cheddi Jagan Int'l,GEO,terminal,SYCJ
76.3905198502024,10.1551187628118,major,Cochin Int'l,COK,terminal,VOCI
35.2236930658301,0.40507147546036,mid,Eldoret Int'l,EDL,terminal,HKEL
126.450875980796,37.4492088624346,major,Incheon Int'l,ICN,terminal,RKSI
-107.469863792896,24.7668040390461,mid,Federal de Bachigualato Int'l,CUL,terminal,MMCL
73.1007936471882,33.6074457507526,major and military,Benazir Bhutto Int'l,ISB,terminal,OPRN
4.48464032408272,50.8972949641511,major,Brussels,BRU,terminal,EBBR
7.27025993974356,9.00437659781094,major,Abuja Int'l,ABV,terminal,DNAA
-124.107065520139,40.9719245381314,mid,Arcata-Eureka,ACV,terminal,KACV
-97.6668367646054,30.2021081920749,major,Austin-Bergstrom Int'l,AUS,terminal,KAUS
30.8025526439415,36.9153233051868,major,Antalya,AYT,terminal,LTAI
-6.21616943734958,54.6615575470103,major,Belfast Int'l,BFS,terminal,EGAA
9.6989176939974,45.6654980560695,major,Orio Al Serio,BGY,terminal,LIME
116.051087873369,5.92289445474807,mid,Kota Kinabalu Int'l,BKI,terminal,WBKK
77.7095579889575,13.2006108069609,major,Bengaluru Int'l,BLR,terminal,VOBL
149.190760539671,-35.3071855902909,major,Canberra Int'l,CBR,terminal,YSCB
-82.8840306426634,39.9981181922432,major,Port Columbus Int'l,CMH,terminal,KCMH
-7.5814559902572,33.3747274815396,major,Mohamed V Int'l,CMN,terminal,GMMN
6.76494446612174,51.2781820420774,major,Düsseldorf Int'l,DUS,terminal,EDDL
32.9930100772014,40.1151278273234,major,Esenboğa Int'l,ESB,terminal,LTAC
175.336221432708,-37.8658411484827,mid,Hamilton Int'l,HLZ,terminal,NZHN
78.42953613452,17.2359831507471,major,Rajiv Gandhi Int'l,HYD,terminal,VOHS
-73.7863268609295,40.6459595584081,major,John F Kennedy Int'l,JFK,parking,KJFK
30.8951621615528,50.340902338877,major,Boryspil Int'l,KBP,terminal,UKBB
32.550153296633,15.5922226530858,major,Khartoum,KRT,terminal,HSSS
-89.3457847894487,43.1363082385868,major,Dane Cty. Reg. (Truax Field),MSN,terminal,KMSN
28.0341933346378,53.8893792398005,major,Minsk Int'l,MSQ,terminal,UMMS
13.1055309888638,38.1863351084895,major,Palermo,PMO,terminal,LICJ
-71.4357841445789,41.7260019847189,mid,T.F. Green,PVD,terminal,KPVD
-81.7551231409306,26.5279288067651,major,Southwest Florida Int'l,RSW,terminal,KRSW
123.487974430338,41.6347891339582,major,Shenyang Taoxian Int'l,SHE,terminal,ZYTX
55.5205071948853,25.3211964019068,major,Sharjah Int'l,SHJ,terminal,OMSJ
-121.929428983532,37.3694905908965,major,San Jose Int'l,SJC,terminal,KSJC
-117.861489220393,33.6794857329549,major,John Wayne,SNA,terminal,KSNA
9.19395108945536,48.6901051358913,major,Stuttgart,STR,terminal,EDDS
-84.1386091971594,9.95827851919623,mid,Nacional Tobías Bolaños,SYQ,terminal,MRPV
113.815852751085,22.6465077147868,major,Shenzhen Bao'an Int'l,SZX,terminal,ZGSZ
-85.7417027597367,38.1860207152699,major,Louisville Int'l,SDF,terminal,KSDF
6.10794577423603,46.231009510158,major,Geneva,GVA,terminal,LSGG
5.07594431813459,45.7210186834669,mid,Lyon-Saint Exupery,LYS,terminal,LFLL
135.244459772476,34.4347941629269,major,Kansai Int'l,KIX,terminal,RJBB
-9.13069440931071,38.7707623427514,major,Lisbon Portela,LIS,terminal,LPPT
-43.9635815209949,-19.6327821218747,major,Tancredo Neves Int'l,CNF,terminal,SBCF
17.9456175406145,59.3555902065112,mid,Bromma,BMA,terminal,ESSB
112.777034594933,-7.383578985276,major,Juanda Int'l,SUB,terminal,WARR
-57.5816150932392,-37.9332161204482,mid,Astor Piazzolla Int'l,MDQ,terminal,SAZM
-81.3576706162289,19.2959107437122,major,Owen Roberts Int'l,GCM,terminal,MWCR
113.841831302845,34.5263027198957,major,Zhengzhou Xinzheng Int'l,CGO,terminal,ZHCC
121.538913780101,38.9615702300222,major,Dalian Zhoushuizi Int'l,DLC,terminal,ZYTL
25.1740558243272,35.3369024101045,major,Heraklion Int'l,HER,terminal,LGIR
44.9646146141664,41.6694420187261,major,Tbilisi Int'l,TBS,terminal,UGTB
-9.35458240263928,38.7235353208323,mid,Cascais,XXC,runway,LPCS
120.345156342151,22.5717061054422,major,Kaohsiung Int'l,KHH,terminal,RCKH
5.20022616032651,12.9174824166181,mid,Sadiq Abubakar III,SKO,terminal,DNSO
-78.4899925545701,-0.145552408466882,mid,Mariscal Sucre Int'l,UIO,terminal,SEQU
67.1521283592947,24.8985243689595,mid,Karachi Civil,KHI,terminal,OPKC
28.9360487562255,46.9341619900391,mid,Kishinev S.E.,KIV,terminal,LUKK
-77.1075656931342,-12.0237161502221,major,Jorge Chávez,LIM,terminal,SPIM
-89.3121421238136,48.3718811492508,mid,Thunder Bay Int'l,YQT,terminal,CYQT
25.2807164497285,54.6430549307542,major,Vilnius,VNO,terminal,EYVI
108.755811342151,34.4429391054422,major,Hsien Yang,XIY,terminal,ZLXY
-100.238394186577,25.859873767729,mid,Del Norte Int'l,NTR,terminal,MMAN
-175.135635,-21.24861,mid,Fua'amotu Int'l,TBU,terminal,NFTF
51.8763916812681,32.7460805344321,mid,Esfahan Int'l,IFN,terminal,OIFM
31.1014,-17.9228,mid,Harare Int'l,HRE,terminal,FVHA
47.9714825593316,29.2396800581583,major,Kuwait Int'l,KWI,terminal,OKBK
-75.6648933870205,45.3201348196531,major,Macdonald-Cartier Int'l,YOW,terminal,CYOW
69.2100736270874,34.5633978864149,mid,Kabul Int'l,KBL,terminal,OAKB
-3.93221929167636,5.2543984451492,mid,Abidjan Port Bouet,ABJ,terminal,DIAP
-99.7545085619681,16.76196735278,major,General Juan N Alvarez Int'l,ACA,terminal,MMAA
-0.171402855660817,5.60698152381193,major,Kotoka Int'l,ACC,terminal,DGAA
38.7931904366343,8.98173027581099,mid,Bole Int'l,ADD,terminal,HAAB
45.030602,12.8278,mid,Aden Int'l,ADE,terminal,OYAA
138.532101457699,-34.9405860275154,mid,Adelaide Int'l,ADL,terminal,YPAD
77.0120458771175,43.3464943144793,major,Almaty Int'l,ALA,terminal,UAAA
3.21207353516506,36.6997206663535,major,Houari Boumediene,ALG,terminal,DAAG
37.2273414057828,36.1846237314314,major,Aleppo Int'l,ALP,terminal,OSAP
72.6209000884332,23.0707454635881,mid,Sardar Vallabhbhai Patel Int'l,AMD,terminal,VAAH
-70.4409908509407,-23.4489545248317,mid,Cerro Moreno Int'l,ANF,terminal,SCFA
58.3639659208246,37.984853438957,mid,Ashkhabad Northwest,ASB,terminal,UTAA
38.9063540136321,15.2936159696499,mid,Yohannes Iv Int'l,ASM,terminal,HHAS
-57.5139078247136,-25.2416592533816,mid,Silvio Pettirossi Int'l,ASU,terminal,SGAS
-64.7027740686514,32.3591739601581,mid,Bermuda Int'l,BDA,terminal,TXKF
20.2912845946621,44.8190766654433,major,Surcin,BEG,terminal,LYBE
35.4930853618161,33.8254400618668,major,Beirut Int'l,BEY,terminal,OLBA
77.3408714713579,23.2855684869809,mid,Bairagarh,BHO,terminal,VABP
-7.94727226970801,12.5393363425867,mid,Bamako Sénou,BKO,terminal,GABS
-86.6692867356375,36.1314876361697,major,Nashville Int'l,BNA,terminal,KBNA
153.120256418844,-27.3853965939099,major,Brisbane Int'l,BNE,terminal,YBBN
-116.221841070549,43.5689592234704,major,Boise Air Terminal,BOI,terminal,KBOI
-156.771835,71.289299,mid,Wiley Post Will Rogers Mem.,BRW,terminal,PABR
-78.7319965523308,42.9340337493526,major,Greater Buffalo Int'l,BUF,terminal,KBUF
28.622552042904,-20.0155684094908,mid,Bulawayo,BUQ,terminal,FVBU
114.933119029209,4.94547528227685,major,Brunei Int'l,BWN,terminal,WBSB
113.297516552171,23.3891511573243,major,Guangzhou Baiyun Int'l,CAN,terminal,ZGGG
-73.0621061746214,-36.7763727437881,mid,Carriel Sur Int'l,CCP,terminal,SCIE
88.4400010130197,22.6453893785064,major,Netaji Subhash Chandra Bose Int'l,CCU,terminal,VECC
91.8147107162383,22.2455658585738,mid,Chittagong,CGP,terminal,VGEG
172.538675565223,-43.4885486784104,major,Christchurch Int'l,CHC,terminal,NZCH
-13.6210656251671,9.57418115850082,mid,Conakry,CKY,terminal,GUCY
-81.8384406064046,41.4111916124966,major,Hopkins Int'l,CLE,terminal,KCLE
-76.3850714728091,3.54328635123219,mid,Alfonso Bonilla Aragón Int'l,CLO,terminal,SKCL
2.3838000724352,6.3582465034691,mid,Cotonou Cadjehon,COO,terminal,DBBB
-64.2123157670801,-31.3156811684889,mid,Ingeniero Ambrosio L.V. Taravella Int'l,COR,terminal,SACO
-75.5123349559682,10.4449381764915,mid,Rafael Nunez,CTG,terminal,SKCG
-86.8744172506694,21.04019667144,major,Cancún,CUN,terminal,MMUN
-105.969204692629,28.7039984997679,mid,General R F Villalobos Int'l,CUU,terminal,MMCU
90.4049241599237,23.8481243218127,mid,Zia Int'l Dhaka,DAC,terminal,VGHS
130.877501436774,-12.4080559966556,major and military,Darwin Int'l,DRW,terminal,YPDN
30.9457081940881,-29.965914250828,mid,Louis Botha,DUR,terminal,FADN
27.5292,-11.5908,mid,Lubumbashi Luano Int'l,FBM,terminal,FZQA
-4.98214637678303,33.9305251844673,mid,Saiss,FEZ,terminal,GMFF
15.4465162074561,-4.38916882197582,mid,Kinshasa N Djili Int'l,FIH,terminal,FZAA
-13.2002296786483,8.61542361726369,mid,Freetown Lungi,FNA,terminal,GFLL
125.675321571201,39.2001771667656,mid,Sunan,FNJ,terminal,ZKPY
74.468800339909,43.0554527233303,major,Vasilyevka,FRU,terminal,UAFM
25.9243808264147,-24.5580718089441,mid,Sir Seretse Khama Int'l,GBE,terminal,FBSK
-103.300766222752,20.5246863485173,major,Don Miguel Hidalgo Int'l,GDL,terminal,MMGL
-4.43167796995107,55.8641828570355,major,Glasgow Int'l,GLA,terminal,EGPF
-90.530181111378,14.5881608290051,mid,La Aurora,GUA,terminal,MGGT
-79.887009643933,-2.15833790699136,mid,Simon Bolivar Int'l,GYE,terminal,SEGU
105.803759436806,21.2145596707245,major,Noi Bai,HAN,terminal,VVNB
-82.4074206289499,22.9973533364428,major,José Martí Int'l,HAV,terminal,MUHA
29.69266601523,30.9183712786239,mid,Borg El Arab Int'l,HBE,terminal,HEBA
39.1504996780448,21.6706857878128,major,King Abdul Aziz Int'l,JED,terminal,OEJN
8.52213718395767,12.0457071601746,mid,Kano Mallam Aminu Int'l,KAN,terminal,DNKN
76.0130148060075,39.5379686306258,mid,Kashi,KHG,terminal,ZWSH
-76.7786897616576,17.9375751552752,major,Norman Manley Int'l,KIN,terminal,MKJP
85.357139531668,27.7002816751609,mid,Tribhuvan Int'l,KTM,terminal,VNKT
13.2347957502699,-8.84831327917379,mid,Luanda 4 de Fevereiro,LAD,terminal,FNLU
30.3070976454648,59.8054061601897,major,Pulkovo 2,LED,terminal,ULLI
74.4108810181748,31.5206296518206,mid,Allama Iqbal Int'l,LHE,terminal,OPLA
33.7827885019788,-13.788622823746,mid,Kamuzu Int'l,LLW,terminal,FWKI
3.32112435281334,6.57825944540467,major,Lagos Murtala Muhammed,LOS,terminal,DNMM
-68.1780055277945,-16.5098792213977,mid,El Alto Int'l,LPB,terminal,SLLP
28.4455443211019,-15.3268522509447,mid,Lusaka Int'l,LUN,terminal,FLLS
32.7032970848623,25.6730347786023,mid,Luxor,LXR,terminal,HELX
80.1637759731545,12.9825301669154,major,Chennai Int'l,MAA,terminal,VOMM
-71.7237688094687,10.5557594684972,mid,La Chinita Int'l,MAR,terminal,SVMC
-75.4269557399772,6.171001614358,mid,José María Córdova,MDE,terminal,SKRG
-89.9816280353237,35.0444101240089,major,Memphis Int'l,MEM,terminal,KMEM
-86.1712846229543,12.144635873435,mid,Augusto Cesar Sandino Int'l,MGA,terminal,MNMG
59.6421943574029,36.2275503134984,major,Mashhad,MHD,terminal,OIMM
-80.2789718277441,25.7949407212406,major,Miami Int'l,MIA,terminal,KMIA
-89.6630235736434,20.9338603864296,mid,Lic M Crecencio Rejon Int'l,MID,terminal,MMMD
14.4952644555055,35.8489307943501,major,Luqa,MLA,terminal,LMML
39.6026631870383,-4.03265262579657,major,Moi Int'l,MBA,terminal,HKMO
27.5592160333614,-29.4555740046101,mid,Moshoeshoe I Int'l,MSU,terminal,FXMM
-90.2566939480594,29.9851141460622,major,New Orleans Int'l,MSY,terminal,KMSY
71.418995432932,30.1950780904965,major and military,Multan,MUX,runway,OPMT
-56.026636146282,-34.8410485988569,major,Carrasco Int'l,MVD,terminal,SUMU
-106.270016617885,23.1665960971344,mid,General Rafael Buelna Int'l,MZT,terminal,MMMZ
-77.4648472290944,25.0486910600866,major,Nassau Int'l,NAS,terminal,MYNN
15.0330446385559,12.1295400184115,mid,Ndjamena,NDJ,terminal,FTTJ
2.17730671184125,13.4767572807942,mid,Niamey,NIM,terminal,DRRN
123.979134508664,10.3158756727292,major,Mactan-Cebu Int'l,CEB,terminal,RPVM
15.7497618459595,-12.8025414575915,mid,Nova Lisboa,NOV,terminal,FNHU
-95.8994157953121,41.2997111453012,mid,Eppley Airfield,OMA,terminal,KOMA
-165.441641712281,64.5072207026631,mid,Nome,OME,terminal,PAOM
-1.51380536165113,12.3535800260473,mid,Ouagadougou,OUA,terminal,DFFD
-72.2944780260473,18.5756829054286,mid,Mais Gate Int'l,PAP,terminal,MTPP
-98.375759790423,19.163793546584,mid,Puebla,PBC,terminal,MMPB
-122.592738881254,45.5889569315305,major,Portland Int'l,PDX,terminal,KPDX
115.974224942233,-31.9411297945783,major,Perth Int'l,PER,terminal,YPPH
25.6117777567602,-33.9840877431374,mid,H F Verwoerd,PLZ,terminal,FAPE
-73.0983841336424,-41.4333820702269,mid,El Tepual Int'l,PMC,terminal,SCTE
104.845027612457,11.5526449176513,major,Pochentong,PNH,terminal,VDPP
73.9089838110016,18.5791766115328,major and military,Pune,PNQ,terminal,VAPO
147.211250855977,-9.43865269316142,major,Port Moresby Int'l,POM,terminal,AYPY
-79.3871348215438,9.06687242265839,major,Tocumen Int'l,PTY,terminal,MPTO
-70.8431237851324,-53.0050698255177,mid,Carlos Ibáñez de Campo Int'l,PUQ,terminal,SCCI
-78.7913814006751,35.8752323452255,major,Durham Int'l,RDU,terminal,KRDU
96.1341946114947,16.9011542818251,major,Mingaladon,RGN,terminal,VYYY
23.9793791116995,56.9220038786097,major,Riga,RIX,terminal,EVRA
44.2246467902561,15.4739027755737,mid,Sanaa Int'l,SAH,terminal,OYSN
44.2289125352942,33.268162986377,major,Baghdad Int'l,SDA,terminal,ORBI
-69.6764726754667,18.4302196948173,major,De Las Américas Int'l,SDQ,terminal,MDSD
106.664246141375,10.8163005571879,major,Tan Son Nhat,SGN,terminal,VVTS
22.9764353610613,40.5238736887775,major,Thessaloniki,SKG,terminal,LGTS
23.4024521357708,42.6891841273195,major,Vrazhdebna,SOF,terminal,LBSF
72.7424384372589,21.1204503297172,major,Surat,STV,terminal,VASU
178.560048369959,-18.0458996922854,mid,Nausori Int'l,SUV,terminal,NFNA
52.5897712745211,29.5458013842874,major,Shiraz Int'l,SYZ,terminal,OISS
-97.8698137568394,22.2893319525064,mid,Gen Francisco J Mina Int'l,TAM,terminal,MMTM
-87.2192116348986,14.0599852192071,mid,Toncontin Int'l,TGU,terminal,MHTG
51.3208069717572,35.6913743304946,major,Mehrabad Int'l,THR,terminal,OIII
19.7150324049722,41.4208514680567,major,Tirane Rinas,TIA,terminal,LATI
-116.975476095598,32.5460499135013,major,General Abelardo L Rodriguez Int'l,TIJ,terminal,MMTJ
-99.5706494463542,19.3386880423032,mid,Jose Maria Morelos Y Pavon,TLC,terminal,MMTO
24.798964869983,59.4165014697451,major,Ulemiste,TLL,terminal,EETN
34.8708499180995,32.0007468501844,major,Ben Gurion,TLV,terminal,LLBG
6.71282193005667,0.374744213699427,mid,São Tomé Salazar,TMS,terminal,FPST
47.4753540009579,-18.7993348763082,mid,Antananarivo Ivato,TNR,terminal,FMMI
-82.534824252055,27.9800400852184,major,Tampa Int'l,TPA,parking,KTPA
-67.9223617121873,10.1540056883979,mid,Zim Valencia,VLN,terminal,SVVA
44.354767968489,48.7916764657611,mid,Gumrak,VOG,terminal,URWW
102.568238195728,17.9754595948321,mid,Vientiane,VTE,terminal,VLVT
-63.1403888218213,-17.6479468257839,mid,Viru Viru Int'l,VVI,terminal,SLVR
174.811665268238,-41.3289891844659,major,Wellington Int'l,WLG,terminal,NZWN
-130.445587,54.292,mid,Prince Rupert,YPR,terminal,CYPR
-82.9600877389448,42.2658784727198,mid,Windsor,YQG,terminal,CYQG
-104.655433975371,50.4332192867183,mid,Regina,YQR,terminal,CYQR
-123.180867003812,49.1935590395715,major,Vancouver Int'l,YVR,terminal,CYVR
-97.2267694809585,49.9033302471671,major,Winnipeg Int'l,YWG,terminal,CYWG
-106.690181967554,52.1701439447381,mid,John G Diefenbaker Int'l,YXE,terminal,CYXE
-135.076210089402,60.7141521481397,mid,Whitehorse Int'l,YXY,terminal,CYXY
-114.010560500236,51.1308572567549,major,Calgary Int'l,YYC,terminal,CYYC
-63.1312341333234,46.2858131367525,mid,Charlottetown,YYG,terminal,CYYG
-94.0813639506318,58.7497237849788,mid,Churchill,YYQ,terminal,CYYQ
-52.7433337428638,47.6131179007955,mid,St John's Int'l,YYT,terminal,CYYT
-114.437846335049,62.4707373610202,mid,Yellowknife,YZF,terminal,CYZF
16.0615138009014,45.7333266730984,major,Zagreb,ZAG,terminal,LDZA
39.2223319841558,-6.21857034620282,mid,Zanzibar,ZNZ,terminal,HTZA
-21.9466344031327,64.1318728609901,mid,Reykjavik Air Terminal,REK,terminal,BIRK
40.7133465694594,64.5967437730455,mid,Arkhangelsk-Talagi,ARH,terminal,ULAA
49.2984458036407,55.6080601429764,major,Kazan Int'l,KZN,terminal,UWKD
2.36737912783773,48.7313030458052,major,Paris Orly,ORY,parking,LFPO
-71.3839280711731,46.7915684363308,major,Québec,YQB,terminal,CYQB
-73.7493162650417,45.4583512294531,major,Montréal-Trudeau,YUL,terminal,CYUL
140.384401709179,35.7640560727828,major,Narita Int'l,NRT,terminal,RJAA
136.814771286824,34.8590296958162,major,Chubu Centrair Int'l,NGO,terminal,RJGG
141.382100450075,43.1106495990978,mid,Okadama,OKD,terminal,RJCO
5.22725311562336,60.2890610502966,major,Bergen Flesland,BGO,terminal,ENBR
18.9072624292132,69.6796790473478,major,Tromsø Langnes,TOS,terminal,ENTC
-48.4795602893793,-1.38974628795546,mid,Val de Caes Int'l,BEL,terminal,SBBE
-54.6689498781305,-20.4572717360311,mid,Campo Grande Int'l,CGR,terminal,SBCG
-49.1737093663469,-25.5360001430558,mid,Afonso Pena Int'l,CWB,terminal,SBCT
-38.5407472498334,-3.77859496233091,mid,Pinto Martins Int'l,FOR,terminal,SBFZ
-46.481753608842,-23.4261155770421,major,São Paulo-Guarulhos Int'l,GRU,terminal,SBGR
-49.2266464905994,-16.6323665721637,mid,Santa Genoveva,GYN,terminal,SBGO
-51.1770409488172,-29.9901930170609,mid,Salgado Filho Int'l,POA,terminal,SBPA
-34.9182667174851,-8.13162553076239,mid,Gilberto Freyre Int'l,REC,terminal,SBRF
-38.3347989911732,-12.9143614970326,mid,Deputado Luis Eduardo Magalhaes Int'l,SSA,terminal,SBSV
-68.7984838394473,-32.8278001692719,mid,El Plumerillo,MDZ,terminal,SAME
-60.0460645898854,-3.0321390062591,mid,Eduardo Gomes Int'l,MAO,terminal,SBEG
11.5479941396807,3.71484520708126,mid,Yaoundé Nsimalen Int'l,NSI,terminal,FKYS
121.801518760578,31.1523090295533,major,Shanghai Pudong Int'l,PVG,terminal,ZSPD
35.9841052362449,31.9741994015442,mid,Marka Int'l,ADJ,terminal,OJAM
73.5273902836844,4.18870090323372,major,Male Int'l,MLE,terminal,VRMM
-96.1835702143695,19.1424237025017,mid,Gen. Heriberto Jara Int'l,VER,terminal,MMVR
-15.651185561666,11.8889231454855,mid,Osvaldo Vieira Int'l,OXB,terminal,GGOV
125.645066609434,7.13053746163073,major,Francisco Bangoy Int'l,DVO,terminal,RPMD
55.5115519246793,-4.67106914178521,mid,Seychelles Int'l,SEZ,terminal,FSIA
-17.490407907719,14.7456306146748,major,Léopold Sedar Senghor Int'l,DKR,terminal,GOOY
37.2387475981025,19.4341052385231,mid,Port Sudan New Int'l,PZU,terminal,HSPN
69.2666137241129,41.2622338767383,major,Tashkent Int'l,TAS,terminal,UTTT
12.6493508684508,55.6285017221528,major,Copenhagen,CPH,terminal,EKCH
26.0857251587764,44.497041455972,mid,Aeroportul National Bucuresti-Baneasa,BBU,terminal,LRBS
19.2622301677881,47.433274269248,major,Ferihegy,BUD,terminal,LHBP
106.638019704811,29.7240422241688,major,Chongqing Jiangbei Int'l,CKG,terminal,ZUCK
-80.9439277342763,35.2204281685597,major,Douglas Int'l,CLT,terminal,KCLT
-83.3478935065615,42.2257204508004,major,Detroit Metro,DTW,terminal,KDTW
-6.24388491037139,53.42700828497,major,Dublin,DUB,terminal,EIDW
-147.865721120795,64.8180981117369,major,Fairbanks Int'l,FAI,terminal,PAFA
10.005647830925,53.6320011640866,major,Hamburg,HAM,terminal,EDDH
101.713886325743,2.74751295791811,major,Kuala Lumpur Int'l,KUL,terminal,WMKK
-115.151323951283,36.0849602383367,major,Mccarran Int'l,LAS,terminal,KLAS
-81.3073713307985,28.4311506791138,major,Orlando Int'l,MCO,terminal,KMCO
-93.2081003718301,44.8820263631968,major,Minneapolis St. Paul Int'l,MSP,terminal,KMSP
11.7880627192437,48.3538373961608,major,Franz-Josef-Strauss,MUC,terminal,EDDM
-75.2429857676998,39.876087236427,major,Philadelphia Int'l,PHL,terminal,KPHL
-112.01363529773,33.4358607639498,major,Sky Harbor Int'l,PHX,terminal,KPHX
-111.981984879993,40.7867290053708,major,Salt Lake City Int'l,SLC,terminal,KSLC
-90.3659545350675,38.7427163155204,major,Lambert St Louis Int'l,STL,terminal,KSTL
20.9727263383587,52.171026749259,major,Okecie Int'l,WAW,terminal,EPWA
8.56221279534765,47.4523895064915,major,Zurich Int'l,ZRH,terminal,LSZH
4.4543736298165,50.4571296549567,mid,Gosselies,CRL,terminal,EBCI
11.7694828593654,48.3497964078377,major,Munich Freight Terminal,MUCf,freight,EDDMf
2.07800334981292,41.3031552797463,major,Barcelona,BCN,terminal,LEBL
14.2674849854076,50.1076511703671,major,Ruzyn,PRG,terminal,LKPR
113.935016387376,22.3153328280868,major,Hong Kong Int'l,HKG,terminal,VHHH
121.231370453323,25.0767411043346,major,Taoyuan,TPE,terminal,RCTP
4.76437693232812,52.3089323889822,major,Schiphol,AMS,terminal,EHAM
103.986413880993,1.35616083528126,major,Singapore Changi,SIN,terminal,WSSS
-0.453156652063309,51.4709958799938,major,London Heathrow,LHR,parking,EGLL
174.791719433715,-37.0063551142815,major,Auckland Int'l,AKL,terminal,NZAA
-149.981725100633,61.1728936745367,major,Anchorage Int'l,ANC,terminal,PALH
-84.4253974336047,33.6405290807352,major,Hartsfield-Jackson Atlanta Int'l,ATL,terminal,KATL
116.588174004661,40.078766336331,major,Beijing Capital,PEK,terminal,ZBAA
-74.1433718001028,4.69883276192097,major,Eldorado Int'l,BOG,terminal,SKBO
72.8745639500051,19.0951019488402,major,Chhatrapati Shivaji Int'l,BOM,terminal,VABB
-71.0164066172958,42.3665658198506,major,Gen E L Logan Int'l,BOS,terminal,KBOS
-76.6686428352448,39.1793943583568,major,Baltimore-Washington Int'l Thurgood Marshall,BWI,terminal,KBWI
31.3997430067114,30.1119904385575,major,Cairo Int'l,CAI,terminal,HECA
-7.66321880771143,33.5627883851079,mid,Casablanca-Anfa,CAS,terminal,GMMC
-67.0057488076316,10.5973549146064,mid,Simón Bolivar Int'l,CCS,terminal,SVMI
18.5976565083138,-33.9704466120395,major,Cape Town Int'l,CPT,terminal,FACT
103.956136481695,30.5810712647464,major,Chengdushuang Liu,CTU,terminal,ZUUU
77.0878362565332,28.5592039760586,major,Indira Gandhi Int'l,DEL,terminal,VIDP
-104.673797338542,39.8494613881509,major,Denver Int'l,DEN,terminal,KDEN
-97.0403710741144,32.9001505594816,major,Dallas-Ft. Worth Int'l,DFW,parking,KDFW
100.602578626505,13.9202766010347,major,Don Muang Int'l,DMK,terminal,VTBD
55.3540769172243,25.2525655938182,major,Dubai Int'l,DXB,terminal,OMDB
-74.1771472796706,40.6904798278929,major,Newark Int'l,EWR,terminal,KEWR
-58.5412456939382,-34.8136469380323,major,Ministro Pistarini Int'l,EZE,terminal,SAEZ
-80.1452588465189,26.0717095746827,major,Fort Lauderdale Hollywood Int'l,FLL,terminal,KFLL
-95.3337047912947,29.9865909034907,major,George Bush Intercontinental,IAH,terminal,KIAH
28.8195493087893,40.9778388177797,major,Atatürk Hava Limani,IST,terminal,LTBA
28.2319885648741,-26.1320953994887,major,OR Tambo Int'l,JNB,terminal,FAJS
-134.583573037872,58.3589441045951,mid,Juneau Int'l,JNU,terminal,PAJN
-118.402468548522,33.9441742543586,major,Los Angeles Int'l,LAX,terminal,KLAX
9.27996629691061,45.4603938456252,major,Linate,LIN,terminal,LIML
144.848998091131,-37.6699411967893,major,Melbourne Int'l,MEL,terminal,YMML
-99.0826079514239,19.4354695720494,major,Lic Benito Juarez Int'l,MEX,terminal,MMMX
121.004122083437,14.5068323762967,major,Ninoy Aquino Int'l,MNL,terminal,RPLL
36.9250887490365,-1.33052964350634,major,Jomo Kenyatta Int'l,NBO,terminal,HKJK
-157.919783173755,21.332022315024,major,Honolulu Int'l,HNL,terminal,PHNL
-87.90513439065,41.9765291023803,major,Chicago O'Hare Int'l,ORD,terminal,KORD
46.701829023464,24.9590317436512,major,King Khalid Int'l,RUH,terminal,OERK
-70.7936860162974,-33.3968336342597,major,Arturo Merino Benitez Int'l,SCL,terminal,SCEL
-122.302289722924,47.4435819127259,major,Seattle-Tacoma Int'l,SEA,terminal,KSEA
-122.383470344449,37.6170250868053,major,San Francisco Int'l,SFO,terminal,KSFO
121.341183788567,31.1872574314078,major,Hongqiao,SHA,terminal,ZSSS
37.4159690348414,55.966447172512,major,Sheremtyevo,SVO,terminal,UUEE
-79.6114193247449,43.6809595186356,major,Toronto-Pearson Int'l,YYZ,terminal,CYYZ
151.166067305601,-33.9365832057717,major,Kingsford Smith,SYD,terminal,YSSY
24.9682078665914,60.3187158912982,major,Helsinki Vantaa,HEL,terminal,EFHK
2.54186776739457,49.0144200969386,major,Charles de Gaulle Int'l,CDG,terminal,LFPG
13.2903090925074,52.5544287044101,major,Berlin-Tegel Int'l,TXL,terminal,EDDT
16.5607679642129,48.1197563052538,major,Vienna Schwechat Int'l,VIE,terminal,LOWW
8.57182286907608,50.0506770895207,major,Frankfurt Int'l,FRA,terminal,EDDF
12.2501008973638,41.7950786307394,major,Leonardo da Vinci Int'l,FCO,terminal,LIRF
135.442475256249,34.7901980848749,major,Osaka Int'l,ITM,terminal,RJOO
126.802392860276,37.5573005399508,major,Gimpo Int'l,GMP,terminal,RKSS
11.0991032762581,60.1935783171386,major,Oslo Gardermoen,OSL,terminal,ENGM
-47.9207885133625,-15.8699985002824,major,Juscelino Kubitschek Int'l,BSB,terminal,SBBR
-46.6591155302196,-23.62685882701,major,Congonhas Int'l,CGH,terminal,SBSP
-43.2483813790683,-22.8123437125006,major,Rio de Janeiro-Antonio Carlos Jobim Int'l,GIG,terminal,SBGL
-3.56902665458863,40.4681282733923,major,Madrid Barajas,MAD,terminal,LEMD
-66.0042299757548,18.4380770734949,major,Luis Muñoz Marin,SJU,terminal,TJSJ
17.9307299016916,59.6511203397372,major,Arlanda,ARN,terminal,ESSA
106.654296151172,-6.1266029559729,major,Soekarno-Hatta Int'l,CGK,parking,WIII
23.9471160554073,37.9362331299254,major,Eleftherios Venizelos Int'l,ATH,terminal,LGAV
139.784046429629,35.5490608319464,major,Tokyo Int'l,HND,terminal,RJTT
100.750910201106,13.6926116770226,major,Suvarnabhumi Airport,BKK,terminal,VTBS
